customer_id,num_clicks,total_recommendations,ctr
1,2.0,29,0.06896551724137931
2,1.0,19,0.05263157894736842
15,,24,
16,,10,
17,,23,
